Residus,Nom,RMSD,ecart-type RMSD,Distance residu/CdM,ecart-type Distance residu/CdM
1,LYS,2.57,0.92,13.07,0.84
2,LYS,1.89,0.65,12.73,0.56
3,ALA,0.75,0.34,8.01,0.38
4,VAL,1.07,0.41,10.61,0.43
5,ILE,1.02,0.37,6.5,0.38
6,ASN,1.78,0.63,12.13,0.45
7,GLY,1.03,0.46,11.26,0.4
8,GLU,2.2,0.59,15.9,0.34
9,GLN,2.23,1.38,15.23,0.74
10,ILE,1.43,1.03,11.14,0.55
11,ARG,2.89,0.78,16.0,0.83
12,SER,0.97,0.54,13.46,0.41
13,ILE,1.22,0.49,10.41,0.59
14,SER,1.08,0.45,12.37,0.49
15,ASP,1.11,0.7,11.83,0.47
16,LEU,0.98,0.51,6.81,0.5
17,HIS,1.03,0.36,7.58,0.41
18,GLN,2.44,0.66,11.46,0.38
19,THR,1.09,0.47,8.32,0.41
20,LEU,0.93,0.37,3.9,0.33
21,LYS,0.77,0.38,11.31,0.32
22,LYS,1.78,0.58,12.08,0.51
23,GLU,0.91,0.43,8.8,0.35
24,LEU,0.74,0.4,6.74,0.47
25,ALA,0.95,0.32,11.89,0.35
26,LEU,0.66,0.27,9.52,0.38
27,PRO,1.61,0.49,14.29,0.36
28,GLU,1.52,0.67,17.2,0.34
29,TYR,2.31,0.74,17.08,0.64
30,TYR,1.2,0.34,10.69,0.37
31,GLY,1.52,0.44,13.14,0.52
32,GLU,1.98,0.38,11.83,0.48
33,ASN,1.76,0.4,11.9,0.33
34,LEU,1.21,0.43,9.2,0.45
35,ASP,1.44,0.45,13.01,0.29
36,ALA,1.05,0.41,11.32,0.28
37,LEU,0.69,0.28,6.08,0.29
38,TRP,1.15,0.38,11.93,0.33
39,ASP,1.19,0.38,13.06,0.26
40,CYS,0.69,0.3,10.34,0.28
41,LEU,0.66,0.26,7.82,0.4
42,THR,0.85,0.32,13.15,0.37
43,GLY,1.34,0.65,14.62,0.35
44,TRP,1.31,0.47,14.28,0.35
45,VAL,1.22,0.4,10.79,0.37
46,GLU,1.7,0.52,14.95,0.43
47,TYR,1.55,0.62,14.09,0.7
48,PRO,1.06,0.4,15.23,0.33
49,LEU,0.87,0.33,9.13,0.34
50,VAL,1.12,0.3,11.44,0.37
51,LEU,0.92,0.31,5.72,0.33
52,GLU,0.82,0.3,10.64,0.28
53,TRP,0.83,0.32,6.89,0.25
54,ARG,2.31,0.38,13.04,0.31
55,GLN,1.46,0.45,14.71,0.45
56,PHE,1.63,0.4,11.25,0.5
57,GLU,2.98,0.56,16.43,0.47
58,GLN,1.57,0.39,16.23,0.49
59,SER,1.42,0.65,11.43,0.59
60,LYS,3.86,0.73,14.64,0.72
61,GLN,2.29,0.89,17.55,0.85
62,LEU,2.45,0.65,13.88,1.4
63,THR,2.89,0.8,14.14,0.92
64,GLU,3.33,1.1,17.4,0.56
65,ASN,3.25,1.19,14.77,1.14
66,GLY,2.46,1.57,11.64,0.92
67,ALA,1.17,0.6,8.96,0.57
68,GLU,0.88,0.46,11.2,0.48
69,SER,1.03,0.44,10.04,0.45
70,VAL,1.26,0.51,5.45,0.52
71,LEU,0.91,0.46,6.81,0.62
72,GLN,0.88,0.33,10.69,0.39
73,VAL,0.78,0.28,7.52,0.37
74,PHE,0.67,0.32,4.82,0.24
75,ARG,2.25,0.61,10.64,0.37
76,GLU,1.99,0.58,12.46,0.28
77,ALA,0.87,0.33,10.76,0.27
78,LYS,1.31,0.37,12.97,0.38
79,ALA,1.55,0.54,15.44,0.29
80,GLU,1.33,0.44,16.15,0.32
81,GLY,1.32,0.52,16.63,0.39
82,CYS,1.17,0.41,13.64,0.58
83,ASP,1.44,0.56,14.7,0.37
84,ILE,0.94,0.26,9.9,0.32
85,THR,1.39,0.44,12.04,0.38
86,ILE,1.11,0.38,9.02,0.36
87,ILE,0.58,0.25,12.04,0.3
88,LEU,0.88,0.3,11.1,0.38
89,SER,0.61,0.27,13.77,0.28
